id	name	value	category	active	date
1	item_1	1.3709584471466685	C	FALSE	2020-01-01
2	item_2	-0.5646981713960888	B	FALSE	2020-01-02
3	item_3	0.36312841133733914	A		2020-01-03
4	item_4	0.6328626049610405	C		2020-01-04
5	item_5	0.4042683231409991	C		2020-01-05
6	item_6	-0.10612451609148399	C	FALSE	2020-01-06
7	item_7	1.511521997438939	A	TRUE	2020-01-07
8	item_8	-0.09465903841309756	C	TRUE	2020-01-08
9	item_9	2.0184237138770413	A	FALSE	2020-01-09
10	item_10	-0.062714099052421	B	TRUE	2020-01-10
11	item_11	1.3048696542234852	B	TRUE	2020-01-11
12	item_12	2.286645392701107	A	FALSE	2020-01-12
13	item_13	-1.3888607011123393	A	FALSE	2020-01-13
14	item_14	-0.2787887668173714	C	TRUE	2020-01-14
15	item_15	-0.133321336393658	A		2020-01-15
16	item_16	0.6359503980700745	A	FALSE	2020-01-16
17	item_17	-0.2842529214160724	C		2020-01-17
18	item_18	-2.656455420904776	C		2020-01-18
19	item_19	-2.440466928575519	A	TRUE	2020-01-19
20	item_20	1.320113345730192	B		2020-01-20
21	item_21	-0.3066385940784746	C	FALSE	2020-01-21
22	item_22	-1.7813084339800005	B		2020-01-22
23	item_23	-0.17191735575962136	A		2020-01-23
24	item_24	1.214674699172599	A		2020-01-24
25	item_25	1.8951934612649652	B	FALSE	2020-01-25
26	item_26	-0.4304691316061996	B	FALSE	2020-01-26
27	item_27	-0.25726938276892963	C	TRUE	2020-01-27
28	item_28	-1.7631630851947802	A		2020-01-28
29	item_29	0.4600973548312714	A	TRUE	2020-01-29
30	item_30	-0.6399948759601193	C		2020-01-30
31	item_31	0.45545012324121936	B		2020-01-31
32	item_32	0.7048373372288191	C	FALSE	2020-02-01
33	item_33	1.0351035219699223	A	TRUE	2020-02-02
34	item_34	-0.6089263754072114	A	FALSE	2020-02-03
35	item_35	0.5049551232979702	C	FALSE	2020-02-04
36	item_36	-1.717008679073343	B	FALSE	2020-02-05
37	item_37	-0.7844590083794963	C		2020-02-06
38	item_38	-0.8509075941765184	C		2020-02-07
39	item_39	-2.4142076499466323	B		2020-02-08
40	item_40	0.036122606892255625	B	FALSE	2020-02-09
41	item_41	0.20599860020025387	C		2020-02-10
42	item_42	-0.3610572985486662	B		2020-02-11
43	item_43	0.758163235699517	A		2020-02-12
44	item_44	-0.7267048270765751	A	TRUE	2020-02-13
45	item_45	-1.3682810444192945	A	TRUE	2020-02-14
46	item_46	0.43281802588871704	A	TRUE	2020-02-15
47	item_47	-0.8113931761866716	B	TRUE	2020-02-16
48	item_48	1.4441012617212527	B	TRUE	2020-02-17
49	item_49	-0.43144620261334543	A	FALSE	2020-02-18
50	item_50	0.6556478834022066	A	TRUE	2020-02-19
51	item_51	0.32192526520394654	B	FALSE	2020-02-20
52	item_52	-0.7838389408803754	A	TRUE	2020-02-21
53	item_53	1.5757275197919773	A	FALSE	2020-02-22
54	item_54	0.6428993057173165	C		2020-02-23
55	item_55	0.08976064659960564	B		2020-02-24
56	item_56	0.27655074729146295	B	FALSE	2020-02-25
57	item_57	0.6792888160552708	A	TRUE	2020-02-26
58	item_58	0.08983288657908171	B	TRUE	2020-02-27
59	item_59	-2.993090083152935	C		2020-02-28
60	item_60	0.2848829535306594	A	FALSE	2020-02-29
61	item_61	-0.36723464274097534	C		2020-03-01
62	item_62	0.18523056486560935	A	TRUE	2020-03-02
63	item_63	0.5818237273655069	C		2020-03-03
64	item_64	1.399736827292678	C	FALSE	2020-03-04
65	item_65	-0.727292059474465	B		2020-03-05
66	item_66	1.3025426320441436	B	FALSE	2020-03-06
67	item_67	0.3358481197520744	B	TRUE	2020-03-07
68	item_68	1.0385060986976211	C		2020-03-08
69	item_69	0.9207285682906463	C	TRUE	2020-03-09
70	item_70	0.7208781628668626	B	TRUE	2020-03-10
71	item_71	-1.043118938567855	C	TRUE	2020-03-11
72	item_72	-0.09018638661070669	B		2020-03-12
73	item_73	0.6235181619995436	A		2020-03-13
74	item_74	-0.953523357772344	C		2020-03-14
75	item_75	-0.5428288145738568	C	FALSE	2020-03-15
76	item_76	0.5809964976816824	C		2020-03-16
77	item_77	0.768178737834591	A		2020-03-17
78	item_78	0.4637675885401672	A	TRUE	2020-03-18
79	item_79	-0.8857762974096794	A	TRUE	2020-03-19
80	item_80	-1.0997808986478554	C	FALSE	2020-03-20
81	item_81	1.512707009804928	C	FALSE	2020-03-21
82	item_82	0.25792143753203084	A	FALSE	2020-03-22
83	item_83	0.08844022915958634	B	TRUE	2020-03-23
84	item_84	-0.12089653753908942	A		2020-03-24
85	item_85	-1.1943288951605282	C	TRUE	2020-03-25
86	item_86	0.6119968980403869	B		2020-03-26
87	item_87	-0.21713984574652084	C		2020-03-27
88	item_88	-0.1827567063319217	C	FALSE	2020-03-28
89	item_89	0.9333463285711601	B		2020-03-29
90	item_90	0.821773110508249	B	TRUE	2020-03-30
91	item_91	1.392116375934271	C		2020-03-31
92	item_92	-0.4761739230546744	B		2020-04-01
93	item_93	0.6503485607263049	B	FALSE	2020-04-02
94	item_94	1.3911104563900007	C	TRUE	2020-04-03
95	item_95	-1.1107888794478988	B	TRUE	2020-04-04
96	item_96	-0.8607925868778423	B	TRUE	2020-04-05
97	item_97	-1.13173868085377	A	FALSE	2020-04-06
98	item_98	-1.4592139995023958	C		2020-04-07
99	item_99	0.07998255324116117	B		2020-04-08
100	item_100	0.65320433964919	B	FALSE	2020-04-09
101	item_101	1.2009653755984941	C		2020-04-10
102	item_102	1.0447510871677252	A	TRUE	2020-04-11
103	item_103	-1.003208646839848	A	FALSE	2020-04-12
104	item_104	1.8484819016727465	C		2020-04-13
105	item_105	-0.6667734087578171	A	FALSE	2020-04-14
106	item_106	0.10551381245606943	A	TRUE	2020-04-15
107	item_107	-0.42225588186885604	A	TRUE	2020-04-16
108	item_108	-0.12235017195497129	A	FALSE	2020-04-17
109	item_109	0.18819303450149788	C	TRUE	2020-04-18
110	item_110	0.11916095799700638	B	FALSE	2020-04-19
111	item_111	-0.025092550867402877	A	TRUE	2020-04-20
112	item_112	0.1080727279420326	C		2020-04-21
113	item_113	-0.4854352358466677	C		2020-04-22
114	item_114	-0.5042171306879034	C		2020-04-23
115	item_115	-1.661099079914812	C		2020-04-24
116	item_116	-0.3823337268738181	A	TRUE	2020-04-25
117	item_117	-0.5126502578778005	A	FALSE	2020-04-26
118	item_118	2.7018910003447973	B	FALSE	2020-04-27
119	item_119	-1.3621162311897188	B	FALSE	2020-04-28
120	item_120	0.1372562185586069	A	TRUE	2020-04-29
121	item_121	-1.4936250673162905	B		2020-04-30
122	item_122	-1.4704357414367966	C	TRUE	2020-05-01
123	item_123	0.1247023861970068	A	TRUE	2020-05-02
124	item_124	-0.9966391348840371	B	TRUE	2020-05-03
125	item_125	-0.0018226143047081948	A	FALSE	2020-05-04
126	item_126	-0.4282588814258153	C	TRUE	2020-05-05
127	item_127	-0.6136716064494951	C	FALSE	2020-05-06
128	item_128	-2.0246778454191077	C		2020-05-07
129	item_129	-1.224747950359986	A	TRUE	2020-05-08
130	item_130	0.1795164411179379	A	FALSE	2020-05-09
131	item_131	0.5676205944235351	B	FALSE	2020-05-10
132	item_132	-0.4928773535534748	B	FALSE	2020-05-11
133	item_133	0.00006288406535112408	B	FALSE	2020-05-12
134	item_134	1.1228896433799664	A	TRUE	2020-05-13
135	item_135	1.43985574297619	C	TRUE	2020-05-14
136	item_136	-1.0971137684058216	C	TRUE	2020-05-15
137	item_137	-0.11731956025017681	B	FALSE	2020-05-16
138	item_138	1.2014984009197012	B	FALSE	2020-05-17
139	item_139	-0.4697295805663009	A	FALSE	2020-05-18
140	item_140	-0.052469484938996315	C	TRUE	2020-05-19
141	item_141	-0.08610729823708953	B	TRUE	2020-05-20
142	item_142	-0.8876790179064314	C	TRUE	2020-05-21
143	item_143	-0.4446840048847381	C	FALSE	2020-05-22
144	item_144	-0.029444879088238146	A		2020-05-23
145	item_145	-0.41386884905792354	A	FALSE	2020-05-24
146	item_146	1.1133860233682034	B	TRUE	2020-05-25
147	item_147	-0.48099284165398193	A	TRUE	2020-05-26
148	item_148	-0.43316903260072903	B	FALSE	2020-05-27
149	item_149	0.6968625765521026	A	FALSE	2020-05-28
150	item_150	-1.0563684131709081	A	TRUE	2020-05-29
151	item_151	-0.04069847515121493	B	TRUE	2020-05-30
152	item_152	-1.5515448223475896	B		2020-05-31
153	item_153	1.167169549235682	B	FALSE	2020-06-01
154	item_154	-0.2736457013740807	C		2020-06-02
155	item_155	-0.4678453246722536	C	TRUE	2020-06-03
156	item_156	-1.2382523279862148	C	TRUE	2020-06-04
157	item_157	-0.007762033777326628	B	FALSE	2020-06-05
158	item_158	-0.8002821779516595	A	TRUE	2020-06-06
159	item_159	-0.5334923299504365	B	FALSE	2020-06-07
160	item_160	1.2876752455845888	C	FALSE	2020-06-08
161	item_161	-0.17552587024212737	C		2020-06-09
162	item_162	-1.071782384150676	B	TRUE	2020-06-10
163	item_163	0.1632068824673823	A	TRUE	2020-06-11
164	item_164	-0.3627384156279498	C	TRUE	2020-06-12
165	item_165	0.5900135479873386	C		2020-06-13
166	item_166	1.4324219277309895	C		2020-06-14
167	item_167	-0.9926925111094931	C	TRUE	2020-06-15
168	item_168	0.4546502975802826	C		2020-06-16
169	item_169	0.08489805867848729	B	TRUE	2020-06-17
170	item_170	0.8955655822645447	B		2020-06-18
171	item_171	-0.22977813894626653	B	TRUE	2020-06-19
172	item_172	0.8366190684606134	B		2020-06-20
173	item_173	-1.7450558613366933	B	TRUE	2020-06-21
174	item_174	1.6894589213133735	A	TRUE	2020-06-22
175	item_175	0.864777978518578	B		2020-06-23
176	item_176	-0.1507759888857478	A	FALSE	2020-06-24
177	item_177	-1.4490071301391676	C	TRUE	2020-06-25
178	item_178	0.6430087000419817	C		2020-06-26
179	item_179	0.4831938638147676	A	TRUE	2020-06-27
180	item_180	-0.006355626421388713	C	TRUE	2020-06-28
181	item_181	0.15145589286242442	A	FALSE	2020-06-29
182	item_182	-0.5841089703498044	C		2020-06-30
183	item_183	0.3688067326302421	B	FALSE	2020-07-01
184	item_184	0.2946543397195156	A		2020-07-02
185	item_185	-0.27925937334257506	B		2020-07-03
186	item_186	-1.336236654893154	C	TRUE	2020-07-04
187	item_187	0.7007488184400342	B		2020-07-05
188	item_188	0.5541966222740335	C	TRUE	2020-07-06
189	item_189	-0.836306592801415	A		2020-07-07
190	item_190	-1.594588162006243	B	TRUE	2020-07-08
191	item_191	0.20495858058763383	B		2020-07-09
192	item_192	-0.34508797797288987	C	TRUE	2020-07-10
193	item_193	0.25261170336445465	B		2020-07-11
194	item_194	-1.2940024654845532	B	FALSE	2020-07-12
195	item_195	-0.959170444380363	C		2020-07-13
196	item_196	1.0857748536799008	A	FALSE	2020-07-14
197	item_197	0.4037749047157139	C		2020-07-15
198	item_198	0.5864875367192978	A	TRUE	2020-07-16
199	item_199	1.815228446153953	C	TRUE	2020-07-17
200	item_200	0.1288214286023831	B	FALSE	2020-07-18
201	item_201	-2.000929237731511	A	TRUE	2020-07-19
202	item_202	0.3337771974335702	A	TRUE	2020-07-20
203	item_203	1.1713251273587946	A	FALSE	2020-07-21
204	item_204	2.059539242299304	A	TRUE	2020-07-22
205	item_205	-1.3768615982405212	C	FALSE	2020-07-23
206	item_206	-1.1508555656271056	A		2020-07-24
207	item_207	-0.7058213947601211	B	FALSE	2020-07-25
208	item_208	-1.0540557820771914	B	FALSE	2020-07-26
209	item_209	-0.6457437231424914	C	FALSE	2020-07-27
210	item_210	-0.1853779676765034	A		2020-07-28
211	item_211	-1.2012220507399851	B	FALSE	2020-07-29
212	item_212	2.03697216698315	C		2020-07-30
213	item_213	0.1077747448855467	B		2020-07-31
214	item_214	-0.08410810050558064	A	TRUE	2020-08-01
215	item_215	0.49561964160459393	C	FALSE	2020-08-02
216	item_216	0.03741518611796534	B	FALSE	2020-08-03
217	item_217	-0.1320880369559099	B		2020-08-04
218	item_218	1.4767874235520968	C		2020-08-05
219	item_219	-0.21703021009210346	B	FALSE	2020-08-06
220	item_220	-1.2836022040922253	C	FALSE	2020-08-07
221	item_221	0.38566789044340233	B		2020-08-08
222	item_222	-0.35151287352909244	B		2020-08-09
223	item_223	-0.5217960933562692	A	TRUE	2020-08-10
224	item_224	-1.0681312006871704	C	TRUE	2020-08-11
225	item_225	0.4283659032666925	B		2020-08-12
226	item_226	-0.1740182344269949	A	TRUE	2020-08-13
227	item_227	0.5156677286480293	C	TRUE	2020-08-14
228	item_228	-0.2343652773059215	B		2020-08-15
229	item_229	-0.6585034258217709	A	TRUE	2020-08-16
230	item_230	1.2502366040787165	A	FALSE	2020-08-17
231	item_231	-0.2717637151113968	C	TRUE	2020-08-18
232	item_232	0.9479519958751961	A	FALSE	2020-08-19
233	item_233	-1.2015824301089377	A		2020-08-20
234	item_234	-0.4661160963755022	A		2020-08-21
235	item_235	-0.26935139515317996	A	FALSE	2020-08-22
236	item_236	-0.3909654081308607	B	FALSE	2020-08-23
237	item_237	1.3487070119917135	B	TRUE	2020-08-24
238	item_238	-0.022764701298412595	B		2020-08-25
239	item_239	0.24422585110345035	B	TRUE	2020-08-26
240	item_240	-0.9423717078639228	A	TRUE	2020-08-27
241	item_241	-0.7292172765095746	C		2020-08-28
242	item_242	0.9980689085548482	C		2020-08-29
243	item_243	1.2584816645955603	C		2020-08-30
244	item_244	1.248863688810096	C	FALSE	2020-08-31
245	item_245	-1.3806370495253302	B	FALSE	2020-09-01
246	item_246	2.049960693636394	A	TRUE	2020-09-02
247	item_247	1.0168728297995417	B	FALSE	2020-09-03
248	item_248	-0.026717464138257943	C	TRUE	2020-09-04
249	item_249	0.7036077787982605	B	FALSE	2020-09-05
250	item_250	-0.9713852291518636	A	FALSE	2020-09-06
251	item_251	-1.0961562415588573	B	FALSE	2020-09-07
252	item_252	0.04905045093759706	B		2020-09-08
253	item_253	-1.19849585655778	C	FALSE	2020-09-09
254	item_254	0.190018998559748	B	FALSE	2020-09-10
255	item_255	1.2977058996046662	C	FALSE	2020-09-11
256	item_256	-1.033873722964751	C	FALSE	2020-09-12
257	item_257	-0.7384407542130639	B	TRUE	2020-09-13
258	item_258	0.04656393945086335	A	TRUE	2020-09-14
259	item_259	-1.0175961198261059	A	TRUE	2020-09-15
260	item_260	-0.38328395988627817	A	TRUE	2020-09-16
261	item_261	0.8727554116713985	B		2020-09-17
262	item_262	0.969545013970117	A	FALSE	2020-09-18
263	item_263	0.3838466650270944	A	TRUE	2020-09-19
264	item_264	-1.8515556630674646	C	FALSE	2020-09-20
265	item_265	-0.05399673682616568	B		2020-09-21
266	item_266	1.0647732143382838	C	TRUE	2020-09-22
267	item_267	0.813195037411605	B		2020-09-23
268	item_268	-0.19081647410428174	A	FALSE	2020-09-24
269	item_269	-2.6999298085637027	A	TRUE	2020-09-25
270	item_270	0.06096663880111655	C		2020-09-26
271	item_271	0.5737516974835779	A	FALSE	2020-09-27
272	item_272	0.04580357972509887	A	TRUE	2020-09-28
273	item_273	0.15741254017587544	B		2020-09-29
274	item_274	0.4315653728687708	A	TRUE	2020-09-30
275	item_275	-0.3965497360502122	A		2020-10-01
276	item_276	1.3099782257515493	C	FALSE	2020-10-02
277	item_277	0.470393399873943	C	TRUE	2020-10-03
278	item_278	-1.2426702705746013	C	TRUE	2020-10-04
279	item_279	1.381575456385533	C	FALSE	2020-10-05
280	item_280	1.2044589370098242	B		2020-10-06
281	item_281	0.824073963681881	C	TRUE	2020-10-07
282	item_282	-1.6626294021855943	C		2020-10-08
283	item_283	-0.5693063436054808	A		2020-10-09
284	item_284	0.6355138172895263	B	TRUE	2020-10-10
285	item_285	0.04372200757785792	C	FALSE	2020-10-11
286	item_286	0.3480123036613071	C	TRUE	2020-10-12
287	item_287	2.459593548870415	C	TRUE	2020-10-13
288	item_288	-0.8183803243996695	B	TRUE	2020-10-14
289	item_289	-2.113200114929137	A		2020-10-15
290	item_290	0.27369527243041464	C	FALSE	2020-10-16
291	item_291	-0.6875968412434118	C		2020-10-17
292	item_292	0.4460410529618657	C		2020-10-18
293	item_293	-0.8123847237905973	B		2020-10-19
294	item_294	2.212055480335136	B	TRUE	2020-10-20
295	item_295	-0.12370597157742982	C		2020-10-21
296	item_296	-0.4773355060300523	A	FALSE	2020-10-22
297	item_297	-0.1662614914866082	B	FALSE	2020-10-23
298	item_298	0.8625633836264309	C	FALSE	2020-10-24
299	item_299	0.09734048520281893	B	FALSE	2020-10-25
300	item_300	-1.6256167392112881	A	FALSE	2020-10-26
301	item_301	-0.004620767826457795	A	TRUE	2020-10-27
302	item_302	0.7602421676620549	C	TRUE	2020-10-28
303	item_303	0.03899091287256262	A	TRUE	2020-10-29
304	item_304	0.7350721416144407	B		2020-10-30
305	item_305	-0.14647262699886976	B	TRUE	2020-10-31
306	item_306	-0.05788733538128259	B	TRUE	2020-11-01
307	item_307	0.48236946610453263	C	TRUE	2020-11-02
308	item_308	0.9929436367757343	B		2020-11-03
309	item_309	-1.2463954980320422	A	TRUE	2020-11-04
310	item_310	-0.033487524845609684	C	FALSE	2020-11-05
311	item_311	-0.0709621812499963	A		2020-11-06
312	item_312	-0.7589206537309505	A		2020-11-07
313	item_313	-1.0343593609391528	B	TRUE	2020-11-08
314	item_314	-0.6307319539708196	C	FALSE	2020-11-09
315	item_315	0.5868077200129952	A	TRUE	2020-11-10
316	item_316	-0.4163226561836519	B		2020-11-11
317	item_317	-0.7848878095053202	A	FALSE	2020-11-12
318	item_318	0.16341631948609708	B	FALSE	2020-11-13
319	item_319	-1.2367142351093496	C	TRUE	2020-11-14
320	item_320	1.0458737762366714	C	FALSE	2020-11-15
321	item_321	-0.48459541621870933	A	TRUE	2020-11-16
322	item_322	0.18912881168066542	A		2020-11-17
323	item_323	0.0510063315749732	B		2020-11-18
324	item_324	-0.0002406688864419768	B		2020-11-19
325	item_325	1.809382042442866	A	TRUE	2020-11-20
326	item_326	-0.8253279571099448	B	FALSE	2020-11-21
327	item_327	1.1454704522279853	B	FALSE	2020-11-22
328	item_328	0.03157318755324307	A		2020-11-23
329	item_329	-0.8352058053067196	C		2020-11-24
330	item_330	-0.06876364901651251	C	FALSE	2020-11-25
331	item_331	0.7467716870124669	C	FALSE	2020-11-26
332	item_332	-0.4255187343946041	A	TRUE	2020-11-27
333	item_333	-0.7720822351934568	A	TRUE	2020-11-28
334	item_334	0.15276410674789467	A	TRUE	2020-11-29
335	item_335	0.988596845178799	A	FALSE	2020-11-30
336	item_336	-0.07345833467217404	B	TRUE	2020-12-01
337	item_337	-1.387026553559742	B	FALSE	2020-12-02
338	item_338	-1.3066759043753629	A	TRUE	2020-12-03
339	item_339	-0.7683953250779386	C	FALSE	2020-12-04
340	item_340	-0.5271081253744581	A		2020-12-05
341	item_341	-0.021427065041624626	C		2020-12-06
342	item_342	0.6704980709962819	B	TRUE	2020-12-07
343	item_343	-0.4346170385724065	C	TRUE	2020-12-08
344	item_344	-1.1138797833128469	C		2020-12-09
345	item_345	0.6071059948784998	B	FALSE	2020-12-10
346	item_346	0.2754569687395913	B	FALSE	2020-12-11
347	item_347	1.1573470694147368	B	TRUE	2020-12-12
348	item_348	-1.6824808594782557	C	TRUE	2020-12-13
349	item_349	0.08731908889487436	C		2020-12-14
350	item_350	1.3533618939426686	A		2020-12-15
351	item_351	0.7241738006833691	A	FALSE	2020-12-16
352	item_352	-0.8325528257642115	C	FALSE	2020-12-17
353	item_353	0.7325284867684144	B		2020-12-18
354	item_354	-0.8719268699972127	B		2020-12-19
355	item_355	-0.4533975112297927	A		2020-12-20
356	item_356	1.1875342786290777	C	TRUE	2020-12-21
357	item_357	-0.29014531179007924	B	FALSE	2020-12-22
358	item_358	0.8285461449654364	A	TRUE	2020-12-23
359	item_359	-0.29122770877916876	A	FALSE	2020-12-24
360	item_360	-1.5763624047479061	C	TRUE	2020-12-25
361	item_361	-0.8488156969489219	C	FALSE	2020-12-26
362	item_362	-1.0885198619571947	C		2020-12-27
363	item_363	-0.4842905711171735	A		2020-12-28
364	item_364	-0.3363112090095728	C		2020-12-29
365	item_365	-0.1533578906616438	A	FALSE	2020-12-30
366	item_366	-0.24324722857484596	A		2020-12-31
367	item_367	1.8922020416001115	C		2021-01-01
368	item_368	-1.3859983372854199	C	TRUE	2021-01-02
369	item_369	-0.41482430070778037	C	TRUE	2021-01-03
370	item_370	0.34908152810683113	A	TRUE	2021-01-04
371	item_371	1.6284422658154065	C	FALSE	2021-01-05
372	item_372	0.08852189571361632	C	TRUE	2021-01-06
373	item_373	1.239150708400563	B	TRUE	2021-01-07
374	item_374	-1.6445555357537067	B	FALSE	2021-01-08
375	item_375	1.4463565253784796	A		2021-01-09
376	item_376	-0.6905601716651828	B		2021-01-10
377	item_377	-0.27643108545385203	A		2021-01-11
378	item_378	-1.1094187598994372	A	TRUE	2021-01-12
379	item_379	0.13386931642945177	B	FALSE	2021-01-13
380	item_380	1.785339051731552	C		2021-01-14
381	item_381	2.4221633552515898	A		2021-01-15
382	item_382	-1.0768289021184116	B	FALSE	2021-01-16
383	item_383	0.485941110403099	C	FALSE	2021-01-17
384	item_384	1.3885217387442919	C		2021-01-18
385	item_385	-0.1956568172845439	B		2021-01-19
386	item_386	-0.21817479770621098	C	FALSE	2021-01-20
387	item_387	-0.30477795454644524	C	FALSE	2021-01-21
388	item_388	0.597832724111443	C		2021-01-22
389	item_389	1.3974294108157597	C	FALSE	2021-01-23
390	item_390	0.6876197612399634	C	FALSE	2021-01-24
391	item_391	0.32018801429696864	A		2021-01-25
392	item_392	-0.3018699257772608	A	FALSE	2021-01-26
393	item_393	0.49834868555794953	B	FALSE	2021-01-27
394	item_394	-0.5495369179167563	B	TRUE	2021-01-28
395	item_395	-0.2792565036372427	B	FALSE	2021-01-29
396	item_396	1.0965134431117323	A		2021-01-30
397	item_397	0.44201308817881124	C		2021-01-31
398	item_398	0.24101629402611238	A	FALSE	2021-02-01
399	item_399	-0.2556076553555183	C	FALSE	2021-02-02
400	item_400	0.9310329014848824	A		2021-02-03
401	item_401	1.3349125853754724	C	TRUE	2021-02-04
402	item_402	-0.8692717638754418	C	FALSE	2021-02-05
403	item_403	0.05548695466510259	C		2021-02-06
404	item_404	0.04906691319191917	A	FALSE	2021-02-07
405	item_405	-0.5783557283608969	C	TRUE	2021-02-08
406	item_406	-0.9987386559960041	C	FALSE	2021-02-09
407	item_407	-0.00243278000660164	A	FALSE	2021-02-10
408	item_408	0.6555118828129689	C		2021-02-11
409	item_409	1.4768422789765527	C	TRUE	2021-02-12
410	item_410	-1.9091527882792134	B	FALSE	2021-02-13
411	item_411	-0.7024394733124092	A	TRUE	2021-02-14
412	item_412	-0.3114302180119189	A	TRUE	2021-02-15
413	item_413	-1.663157030667376	A		2021-02-16
414	item_414	-0.7505334417922901	C	FALSE	2021-02-17
415	item_415	-0.7773517591815082	B	TRUE	2021-02-18
416	item_416	-0.7225696998596023	C	TRUE	2021-02-19
417	item_417	-2.188834599147068	C		2021-02-20
418	item_418	0.21341855028655418	A	TRUE	2021-02-21
419	item_419	-0.6319229362548315	C	FALSE	2021-02-22
420	item_420	1.520491193832163	C		2021-02-23
421	item_421	0.7959559494150821	C		2021-02-24
422	item_422	-1.4535295651327993	A	FALSE	2021-02-25
423	item_423	0.09839542100583878	C		2021-02-26
424	item_424	-0.5937709842331534	C	FALSE	2021-02-27
425	item_425	0.8882811686345151	A		2021-02-28
426	item_426	0.053070415498666555	B	TRUE	2021-03-01
427	item_427	-0.5570236258446556	C		2021-03-02
428	item_428	0.43839703617272	A		2021-03-03
429	item_429	0.1526081586424191	B	TRUE	2021-03-04
430	item_430	-0.1646175817495644	A	FALSE	2021-03-05
431	item_431	2.019890621475975	C	TRUE	2021-03-06
432	item_432	-0.5293858863172612	C	FALSE	2021-03-07
433	item_433	-0.4707869729840424	C		2021-03-08
434	item_434	-1.5459369240175236	A	FALSE	2021-03-09
435	item_435	-0.04052672329517713	C		2021-03-10
436	item_436	0.8903563054706759	B	TRUE	2021-03-11
437	item_437	-2.071387850929214	C	TRUE	2021-03-12
438	item_438	-0.2500651200730187	B	TRUE	2021-03-13
439	item_439	-1.181650426653318	C	FALSE	2021-03-14
440	item_440	1.4419372650169073	A	FALSE	2021-03-15
441	item_441	1.3578955388788618	A	FALSE	2021-03-16
442	item_442	0.33450284734064983	C	FALSE	2021-03-17
443	item_443	1.4293380804002271	C	TRUE	2021-03-18
444	item_444	-0.8673178508786844	B		2021-03-19
445	item_445	0.9506517249718857	C	FALSE	2021-03-20
446	item_446	-0.5850115086332349	C		2021-03-21
447	item_447	0.32095752252562904	B	TRUE	2021-03-22
448	item_448	-0.29939601666490834	B	TRUE	2021-03-23
449	item_449	-0.27854308329306865	C	FALSE	2021-03-24
450	item_450	0.5461151583295318	A	TRUE	2021-03-25
451	item_451	-1.303821153644872	C	TRUE	2021-03-26
452	item_452	-0.2509144650424598	C	TRUE	2021-03-27
453	item_453	0.17100737371790972	B	TRUE	2021-03-28
454	item_454	-0.4034674787475087	C		2021-03-29
455	item_455	0.10465944083572705	A	TRUE	2021-03-30
456	item_456	-0.318880786734009	B	FALSE	2021-03-31
457	item_457	1.6183439358834273	C	FALSE	2021-04-01
458	item_458	0.7141886014886168	B		2021-04-02
459	item_459	2.965865369833242	A	TRUE	2021-04-03
460	item_460	-0.7950776045592114	B		2021-04-04
461	item_461	0.8143659146799129	A	FALSE	2021-04-05
462	item_462	2.0980308101303735	A	FALSE	2021-04-06
463	item_463	0.3009800551525701	B	TRUE	2021-04-07
464	item_464	-1.083075141839231	B	FALSE	2021-04-08
465	item_465	-1.0063225018032846	A	TRUE	2021-04-09
466	item_466	-0.035414564917611954	B		2021-04-10
467	item_467	1.3091243608534147	C		2021-04-11
468	item_468	0.7504004866467192	B	TRUE	2021-04-12
469	item_469	-2.1383683276124192	A		2021-04-13
470	item_470	-0.7003541088666343	A	FALSE	2021-04-14
471	item_471	-0.00905647529298544	B	TRUE	2021-04-15
472	item_472	-1.4581334872447682	C	FALSE	2021-04-16
473	item_473	0.6945296464948694	B		2021-04-17
474	item_474	-2.461335475186488	A	TRUE	2021-04-18
475	item_475	0.14328976404045582	B	TRUE	2021-04-19
476	item_476	-0.39122211912705623	A	TRUE	2021-04-20
477	item_477	-0.49116408561407554	C		2021-04-21
478	item_478	-0.2836474524520513	A	TRUE	2021-04-22
479	item_479	0.31479480470784266	A	FALSE	2021-04-23
480	item_480	0.3963265779389894	B	TRUE	2021-04-24
481	item_481	-0.2256037110359602	B		2021-04-25
482	item_482	-1.9249504303405596	B		2021-04-26
483	item_483	-1.4392292983219794	C	TRUE	2021-04-27
484	item_484	-1.4696577739724017	B	FALSE	2021-04-28
485	item_485	0.7618634468919315	C	TRUE	2021-04-29
486	item_486	-0.24361498187128025	C	TRUE	2021-04-30
487	item_487	0.2696766074180077	C	TRUE	2021-05-01
488	item_488	-1.558927520955816	C	TRUE	2021-05-02
489	item_489	-0.5355880066963138	B	TRUE	2021-05-03
490	item_490	0.5624519731734953	A		2021-05-04
491	item_491	-0.17832612341991835	A		2021-05-05
492	item_492	-0.11513598620265056	C	FALSE	2021-05-06
493	item_493	-0.07206147210636656	B	TRUE	2021-05-07
494	item_494	1.2109098069263036	C	TRUE	2021-05-08
495	item_495	-0.6148969007997033	C	TRUE	2021-05-09
496	item_496	0.6761264583147003	C	FALSE	2021-05-10
497	item_497	0.8985996055375516	C	FALSE	2021-05-11
498	item_498	-1.18931790352102	A	TRUE	2021-05-12
499	item_499	0.12125884981900881	B	FALSE	2021-05-13
500	item_500	-0.011221686130411487	C	TRUE	2021-05-14
501	item_501	1.0291407193137607	B	FALSE	2021-05-15
502	item_502	0.9147748677196135	A		2021-05-16
503	item_503	-0.00245626667956324	B	TRUE	2021-05-17
504	item_504	0.13600955241372722	C	FALSE	2021-05-18
505	item_505	-0.7201535449431247	A	TRUE	2021-05-19
506	item_506	-0.19812433005121602	C	FALSE	2021-05-20
507	item_507	-1.0292088060482731	C	TRUE	2021-05-21
508	item_508	-0.9669558958526155	A	TRUE	2021-05-22
509	item_509	-1.220813088919095	A		2021-05-23
510	item_510	0.8362077039448368	A		2021-05-24
511	item_511	1.1149717984954037	B		2021-05-25
512	item_512	-0.41294485292709077	B	FALSE	2021-05-26
513	item_513	-1.1289773980068305	B	TRUE	2021-05-27
514	item_514	-0.08793133177705131	C		2021-05-28
515	item_515	2.2419036933126235	B	TRUE	2021-05-29
516	item_516	2.0413131707504895	B	TRUE	2021-05-30
517	item_517	-1.7198003367214525	A	TRUE	2021-05-31
518	item_518	-0.3569066561223872	B	TRUE	2021-06-01
519	item_519	1.5332804921622942	A	FALSE	2021-06-02
520	item_520	-0.03824409661023678	C	TRUE	2021-06-03
521	item_521	1.597413242326425	C	FALSE	2021-06-04
522	item_522	-0.3335853933098829	C		2021-06-05
523	item_523	0.6049859239153778	A	FALSE	2021-06-06
524	item_524	0.22424123925025113	A	TRUE	2021-06-07
525	item_525	3.2290694954800574	C	TRUE	2021-06-08
526	item_526	0.9204525667725203	A	TRUE	2021-06-09
527	item_527	-1.2065390692159215	C		2021-06-10
528	item_528	-0.6038811691632682	A	TRUE	2021-06-11
529	item_529	0.3702352846220625	C	FALSE	2021-06-12
530	item_530	-1.9010006466796063	A	FALSE	2021-06-13
531	item_531	-1.8044099449632423	C	FALSE	2021-06-14
532	item_532	-1.121822606355219	B		2021-06-15
533	item_533	-0.34792960655913974	B	FALSE	2021-06-16
534	item_534	1.23890214863198	B	FALSE	2021-06-17
535	item_535	-0.27419756485227875	A		2021-06-18
536	item_536	0.16238071555819295	B	TRUE	2021-06-19
537	item_537	-0.06460690975306274	B	FALSE	2021-06-20
538	item_538	-0.7052370970251426	C		2021-06-21
539	item_539	1.3621972687509902	A		2021-06-22
540	item_540	-1.0965131880833168	C		2021-06-23
541	item_541	-0.22843351854689145	A		2021-06-24
542	item_542	-0.34782808061026876	B	FALSE	2021-06-25
543	item_543	0.532128619506733	B		2021-06-26
544	item_544	1.6072345622611872	B	TRUE	2021-06-27
545	item_545	0.5138145261165937	A	TRUE	2021-06-28
546	item_546	1.3823731605730283	A	TRUE	2021-06-29
547	item_547	0.7630970485499031	C	TRUE	2021-06-30
548	item_548	-0.6245845446341113	A	FALSE	2021-07-01
549	item_549	0.08154380042898692	B		2021-07-02
550	item_550	1.376079111364769	A	FALSE	2021-07-03
551	item_551	-1.5612657861570411	C	FALSE	2021-07-04
552	item_552	0.32477066059469906	A		2021-07-05
553	item_553	-0.1567903169522379	B		2021-07-06
554	item_554	0.8777838607343518	C	FALSE	2021-07-07
555	item_555	0.7501665751806385	C	TRUE	2021-07-08
556	item_556	0.3010534038428302	C	TRUE	2021-07-09
557	item_557	1.4928111172293106	B	TRUE	2021-07-10
558	item_558	-1.5254938001697005	A	TRUE	2021-07-11
559	item_559	0.9107175584860219	A	FALSE	2021-07-12
560	item_560	-1.579532027857539	A	FALSE	2021-07-13
561	item_561	0.5877162571185816	C		2021-07-14
562	item_562	0.08964229600072439	A	FALSE	2021-07-15
563	item_563	0.9672616569498398	A	TRUE	2021-07-16
564	item_564	0.07881235291482344	C	FALSE	2021-07-17
565	item_565	-1.56869983648609	A	TRUE	2021-07-18
566	item_566	-2.0078231840160905	B	FALSE	2021-07-19
567	item_567	0.5409735242387625	C	TRUE	2021-07-20
568	item_568	-0.07337659810842549	C		2021-07-21
569	item_569	-0.5710183935580807	C	FALSE	2021-07-22
570	item_570	-0.31106845985364073	A		2021-07-23
571	item_571	-0.6714150671013647	B		2021-07-24
572	item_572	-0.15734045208097927	B	FALSE	2021-07-25
573	item_573	-0.9313050709998695	A	FALSE	2021-07-26
574	item_574	-1.9830094794701318	B	FALSE	2021-07-27
575	item_575	-0.21959980424937806	A	TRUE	2021-07-28
576	item_576	1.0452758694623947	A	TRUE	2021-07-29
577	item_577	1.8773295662996703	A		2021-07-30
578	item_578	0.002606195957166371	C	TRUE	2021-07-31
579	item_579	-0.0806699347091655	A	TRUE	2021-08-01
580	item_580	0.9629822812398701	B	FALSE	2021-08-02
581	item_581	0.05357101654651744	C	TRUE	2021-08-03
582	item_582	-0.43489840891003706	C		2021-08-04
583	item_583	-1.7372972553423083	B	TRUE	2021-08-05
584	item_584	-1.2636955997824344	B	TRUE	2021-08-06
585	item_585	0.4063085120692733	B		2021-08-07
586	item_586	-1.4596539677797575	A		2021-08-08
587	item_587	1.0484573701546989	A	TRUE	2021-08-09
588	item_588	-1.3464305394502039	B	FALSE	2021-08-10
589	item_589	-0.1935705581134944	B	FALSE	2021-08-11
590	item_590	-0.002335957113676048	A	FALSE	2021-08-12
591	item_591	-0.012829733867188107	C	FALSE	2021-08-13
592	item_592	0.1519473219843979	A	TRUE	2021-08-14
593	item_593	0.5985111314010788	B	FALSE	2021-08-15
594	item_594	-0.12621243729827913	C	TRUE	2021-08-16
595	item_595	-0.24853556584677566	B	TRUE	2021-08-17
596	item_596	0.16032739490462186	B	TRUE	2021-08-18
597	item_597	-0.43364194159726943	C	TRUE	2021-08-19
598	item_598	1.5374124191002696	C	TRUE	2021-08-20
599	item_599	-2.1702465766160777	C		2021-08-21
600	item_600	1.0270046192914308	C	TRUE	2021-08-22
601	item_601	-0.24848293318993286	B		2021-08-23
602	item_602	0.4223203858323933	A	FALSE	2021-08-24
603	item_603	0.9876532936396736	C		2021-08-25
604	item_604	0.8355681720350232	B	TRUE	2021-08-26
605	item_605	-0.6605218590457055	A	FALSE	2021-08-27
606	item_606	1.5640694932918353	C	FALSE	2021-08-28
607	item_607	-1.622975935291547	B	FALSE	2021-08-29
608	item_608	0.863896373478988	B	TRUE	2021-08-30
609	item_609	-0.5116027734362001	B	TRUE	2021-08-31
610	item_610	-1.9173650254454013	A		2021-09-01
611	item_611	-1.8658138486199485	B		2021-09-02
612	item_612	0.24517906343968865	A	TRUE	2021-09-03
613	item_613	2.223534301908066	B	TRUE	2021-09-04
614	item_614	0.27337606414446525	C	TRUE	2021-09-05
615	item_615	1.1307847945282825	B	TRUE	2021-09-06
616	item_616	0.8386693740600991	B	TRUE	2021-09-07
617	item_617	-0.6546152778782053	B	FALSE	2021-09-08
618	item_618	0.9539609784793955	A	TRUE	2021-09-09
619	item_619	0.35295146548932255	C	FALSE	2021-09-10
620	item_620	0.20659929264961344	B	FALSE	2021-09-11
621	item_621	1.0011132343102485	B		2021-09-12
622	item_622	0.7474519916402764	B	TRUE	2021-09-13
623	item_623	-0.6265748367231386	C		2021-09-14
624	item_624	0.39522368593671403	C	TRUE	2021-09-15
625	item_625	-0.8921679540455776	B	FALSE	2021-09-16
626	item_626	0.6308184100917728	A		2021-09-17
627	item_627	-0.4327051832845675	C	TRUE	2021-09-18
628	item_628	0.4521386442185168	A		2021-09-19
629	item_629	0.36799904519634546	A	TRUE	2021-09-20
630	item_630	-0.2703874896619091	B	FALSE	2021-09-21
631	item_631	0.46551261771297875	C	TRUE	2021-09-22
632	item_632	0.5743562256269691	C	TRUE	2021-09-23
633	item_633	-0.2306999901574109	A		2021-09-24
634	item_634	1.1722425083024512	C	FALSE	2021-09-25
635	item_635	1.3927027067331217	A	TRUE	2021-09-26
636	item_636	-0.6619912557095847	A		2021-09-27
637	item_637	-0.7773692067250142	B		2021-09-28
638	item_638	0.5135385789087801	C	FALSE	2021-09-29
639	item_639	-0.9133122380412722	A	FALSE	2021-09-30
640	item_640	-0.4494238052503006	C	FALSE	2021-10-01
641	item_641	0.8029326991036183	A	TRUE	2021-10-02
642	item_642	-0.5734768509811039	C	FALSE	2021-10-03
643	item_643	-1.9281251678483262	B	FALSE	2021-10-04
644	item_644	0.6643908338221483	C	TRUE	2021-10-05
645	item_645	-1.602540223794253	B		2021-10-06
646	item_646	-1.3546002574538496	A	FALSE	2021-10-07
647	item_647	-3.0179326794178962	A	TRUE	2021-10-08
648	item_648	0.8312378222300629	C	FALSE	2021-10-09
649	item_649	0.251097088847344	C		2021-10-10
650	item_650	0.46229346594132953	B		2021-10-11
651	item_651	0.8447922232232368	B		2021-10-12
652	item_652	-0.0419715243215621	A	FALSE	2021-10-13
653	item_653	-1.1055759057000276	B	FALSE	2021-10-14
654	item_654	0.5637756523308739	B		2021-10-15
655	item_655	1.3033647558196706	B	FALSE	2021-10-16
656	item_656	-1.5002209377946574	A	TRUE	2021-10-17
657	item_657	-0.6069892351190361	B	TRUE	2021-10-18
658	item_658	-0.29224506565657726	C	FALSE	2021-10-19
659	item_659	-1.289683343323603	B	TRUE	2021-10-20
660	item_660	0.6941058487746988	C	TRUE	2021-10-21
661	item_661	-0.599181902897119	A		2021-10-22
662	item_662	1.2569066439716372	B	TRUE	2021-10-23
663	item_663	0.05350801362736302	C		2021-10-24
664	item_664	0.7280925176718525	A		2021-10-25
665	item_665	1.5610980682106073	A	FALSE	2021-10-26
666	item_666	0.26562475359718984	B	FALSE	2021-10-27
667	item_667	1.0767262592072673	A		2021-10-28
668	item_668	0.21069793167924544	C	FALSE	2021-10-29
669	item_669	-1.5116735258223681	C	TRUE	2021-10-30
670	item_670	0.022402259913625013	B	TRUE	2021-10-31
671	item_671	0.7181362060421032	B		2021-11-01
672	item_672	0.4894570178422698	B	TRUE	2021-11-02
673	item_673	-0.17388834587826962	C	TRUE	2021-11-03
674	item_674	-1.2176994886684005	B		2021-11-04
675	item_675	0.646398368709462	A	TRUE	2021-11-05
676	item_676	-0.9164560283478899	A		2021-11-06
677	item_677	-1.2518234424255663	A	FALSE	2021-11-07
678	item_678	0.5949277184055013	C	FALSE	2021-11-08
679	item_679	-1.2328106651898265	B	FALSE	2021-11-09
680	item_680	0.24436441490613758	B	TRUE	2021-11-10
681	item_681	0.002772185343595059	C		2021-11-11
682	item_682	-1.328209686025565	A	FALSE	2021-11-12
683	item_683	1.179696411832775	A	TRUE	2021-11-13
684	item_684	-0.5928049991489287	B	FALSE	2021-11-14
685	item_685	1.199978316336672	A		2021-11-15
686	item_686	-0.47503367961213483	A		2021-11-16
687	item_687	-0.5750570961508163	B	TRUE	2021-11-17
688	item_688	-0.03122602460849903	C	FALSE	2021-11-18
689	item_689	-0.3580569959784556	C		2021-11-19
690	item_690	-0.3566010776477313	A	TRUE	2021-11-20
691	item_691	-0.8776643834337261	A		2021-11-21
692	item_692	-1.2128971251779628	C		2021-11-22
693	item_693	0.6132866186870338	B	FALSE	2021-11-23
694	item_694	-0.8062033414624774	B		2021-11-24
695	item_695	-1.3764569299088951	A	FALSE	2021-11-25
696	item_696	-0.5078478991635471	B	FALSE	2021-11-26
697	item_697	-0.8009354867373377	A		2021-11-27
698	item_698	-2.1927856856700676	C	TRUE	2021-11-28
699	item_699	-0.29093714926767483	C	TRUE	2021-11-29
700	item_700	0.1671741211605177	B	TRUE	2021-11-30
701	item_701	0.2946923564856877	A	TRUE	2021-12-01
702	item_702	0.39274126542072585	C		2021-12-02
703	item_703	-1.0008437130008152	B	FALSE	2021-12-03
704	item_704	-0.3257271198234339	C		2021-12-04
705	item_705	-1.0083488054288425	B	FALSE	2021-12-05
706	item_706	-0.6354314820337661	A		2021-12-06
707	item_707	-1.2098406879873425	C	FALSE	2021-12-07
708	item_708	-1.1164638006526904	C	TRUE	2021-12-08
709	item_709	0.6298811625759352	B		2021-12-09
710	item_710	-0.2725215701786256	C		2021-12-10
711	item_711	-0.25884116837867105	C	FALSE	2021-12-11
712	item_712	1.7295581798914934	C		2021-12-12
713	item_713	-0.058392165407371646	C	TRUE	2021-12-13
714	item_714	-0.5370637846089186	B		2021-12-14
715	item_715	0.7472866961657398	B	FALSE	2021-12-15
716	item_716	-0.48725783538973294	C	FALSE	2021-12-16
717	item_717	1.3729077814795052	B	FALSE	2021-12-17
718	item_718	-0.37767236064622073	A		2021-12-18
719	item_719	-0.6161526141183942	B	FALSE	2021-12-19
720	item_720	-1.1681250510746857	A	FALSE	2021-12-20
721	item_721	0.3286403585910858	B	FALSE	2021-12-21
722	item_722	1.466510627440165	A	FALSE	2021-12-22
723	item_723	-0.3560095450889126	B	TRUE	2021-12-23
724	item_724	0.2614676418774311	C		2021-12-24
725	item_725	0.33332885517573113	B		2021-12-25
726	item_726	1.4221932403095427	A	FALSE	2021-12-26
727	item_727	0.6638766006661727	A	TRUE	2021-12-27
728	item_728	-1.0736551556953104	C		2021-12-28
729	item_729	-0.6969017746667401	A	TRUE	2021-12-29
730	item_730	-0.7461304569345611	B	FALSE	2021-12-30
731	item_731	0.14157287213221936	A	FALSE	2021-12-31
732	item_732	-0.003947220730653072	A	TRUE	2022-01-01
733	item_733	0.36793750109176554	A		2022-01-02
734	item_734	-0.657342914697247	C		2022-01-03
735	item_735	-0.37634667016105205	A	FALSE	2022-01-04
736	item_736	0.7413600604250846	B		2022-01-05
737	item_737	-0.09960675644847018	C		2022-01-06
738	item_738	-0.6542898786070949	B	FALSE	2022-01-07
739	item_739	0.971164374061271	C		2022-01-08
740	item_740	0.013496311568386465	B		2022-01-09
741	item_741	-0.916534667021545	B	FALSE	2022-01-10
742	item_742	1.7096885612616368	A	FALSE	2022-01-11
743	item_743	-1.1681009899466557	A	FALSE	2022-01-12
744	item_744	-1.7810362601525236	A	FALSE	2022-01-13
745	item_745	-2.253132448568217	A	FALSE	2022-01-14
746	item_746	0.6511259695466993	B		2022-01-15
747	item_747	-0.5328326256027673	C		2022-01-16
748	item_748	-0.2755593569722832	B		2022-01-17
749	item_749	0.28962697262904563	C	FALSE	2022-01-18
750	item_750	-0.46648406179076407	C		2022-01-19
751	item_751	-1.6080601749446874	C		2022-01-20
752	item_752	-1.949783796041988	B	TRUE	2022-01-21
753	item_753	-0.3406999182309808	A	TRUE	2022-01-22
754	item_754	0.17472552733131985	A	TRUE	2022-01-23
755	item_755	-2.277777560777229	A	FALSE	2022-01-24
756	item_756	0.2905244809470839	A	FALSE	2022-01-25
757	item_757	0.4223063574736143	C	TRUE	2022-01-26
758	item_758	1.2947373632067147	A	FALSE	2022-01-27
759	item_759	0.16471401857395437	C	FALSE	2022-01-28
760	item_760	0.2049538408002352	B	FALSE	2022-01-29
761	item_761	0.6046036267258059	C	TRUE	2022-01-30
762	item_762	-0.01914076916893142	C	FALSE	2022-01-31
763	item_763	-0.07971434737880864	A	TRUE	2022-02-01
764	item_764	0.11598446440280455	C	TRUE	2022-02-02
765	item_765	0.7441733640483879	B	TRUE	2022-02-03
766	item_766	-0.43129060352769266	C	FALSE	2022-02-04
767	item_767	-0.4995289519112344	A		2022-02-05
768	item_768	-0.8651620767557113	B		2022-02-06
769	item_769	-0.9577572832718735	C	FALSE	2022-02-07
770	item_770	0.3267999713386377	A	FALSE	2022-02-08
771	item_771	1.547372225685175	C	FALSE	2022-02-09
772	item_772	-0.9688595688644306	C	TRUE	2022-02-10
773	item_773	-0.18844042625946283	B	FALSE	2022-02-11
774	item_774	-1.0300011614559186	B	FALSE	2022-02-12
775	item_775	0.908086441860496	C	TRUE	2022-02-13
776	item_776	-0.3173818647081285	B		2022-02-14
777	item_777	0.17900396654042197	C		2022-02-15
778	item_778	0.34802818772917715	B	FALSE	2022-02-16
779	item_779	-1.0542790212744402	A		2022-02-17
780	item_780	-0.10474428811070145	A	FALSE	2022-02-18
781	item_781	-0.22834261709452938	A		2022-02-19
782	item_782	0.6753555624275389	B	FALSE	2022-02-20
783	item_783	-1.2332446935063093	A	TRUE	2022-02-21
784	item_784	-1.1999615444227791	C	FALSE	2022-02-22
785	item_785	0.7658665766161078	A	FALSE	2022-02-23
786	item_786	-0.5880978612829769	C		2022-02-24
787	item_787	-0.6602958299755759	A	TRUE	2022-02-25
788	item_788	0.11301352219734373	B	FALSE	2022-02-26
789	item_789	-0.32039879968603874	A	TRUE	2022-02-27
790	item_790	1.8663814969387877	B	TRUE	2022-02-28
791	item_791	0.25953145576779874	C	FALSE	2022-03-01
792	item_792	0.16156007091806993	A	FALSE	2022-03-02
793	item_793	0.9310749093353542	C		2022-03-03
794	item_794	-0.059946749259621124	A	FALSE	2022-03-04
795	item_795	0.04873970007745016	B	FALSE	2022-03-05
796	item_796	-1.0728754007339631	B	TRUE	2022-03-06
797	item_797	-2.2929714304806725	A	FALSE	2022-03-07
798	item_798	-1.207206850064342	B	TRUE	2022-03-08
799	item_799	0.11410942979719116	C		2022-03-09
800	item_800	-1.033297079105377	A	FALSE	2022-03-10
801	item_801	0.6888077523420632	A	TRUE	2022-03-11
802	item_802	0.7250830176748637	A	FALSE	2022-03-12
803	item_803	0.21738021093908838	A	FALSE	2022-03-13
804	item_804	-0.20165673161837788	B	TRUE	2022-03-14
805	item_805	-1.3656898605886827	B		2022-03-15
806	item_806	-0.30893760867715947	C	FALSE	2022-03-16
807	item_807	-0.45290288653722677	C	TRUE	2022-03-17
808	item_808	0.6632291445197922	C	FALSE	2022-03-18
809	item_809	1.3086295367486966	C	TRUE	2022-03-19
810	item_810	0.5010403098944982	A		2022-03-20
811	item_811	-1.128288535197367	C		2022-03-21
812	item_812	1.670997305398166	C	TRUE	2022-03-22
813	item_813	1.0103530324521237	A		2022-03-23
814	item_814	0.2235212158744584	C	TRUE	2022-03-24
815	item_815	-2.2064845932096224	B	FALSE	2022-03-25
816	item_816	-0.954585618553158	C		2022-03-26
817	item_817	-0.06857306721023664	C		2022-03-27
818	item_818	0.7613059015652702	B	FALSE	2022-03-28
819	item_819	-1.1799041999582904	A	FALSE	2022-03-29
820	item_820	3.211198956767289	A		2022-03-30
821	item_821	-2.5538248509508272	B		2022-03-31
822	item_822	-0.23593394933406506	B		2022-04-01
823	item_823	-0.2595626432614345	B		2022-04-02
824	item_824	-0.6633669166191929	C	TRUE	2022-04-03
825	item_825	-0.31899071082614894	B	FALSE	2022-04-04
826	item_826	0.742395157572315	B	FALSE	2022-04-05
827	item_827	-0.8742926757857729	A		2022-04-06
828	item_828	-2.0828137663032784	A		2022-04-07
829	item_829	0.09376790281021756	C	FALSE	2022-04-08
830	item_830	-0.0018198120027956117	A	TRUE	2022-04-09
831	item_831	-0.013100652371574047	A	FALSE	2022-04-10
832	item_832	0.6679680745581041	A	TRUE	2022-04-11
833	item_833	-0.013167702952162599	A	FALSE	2022-04-12
834	item_834	0.7760470304763034	C		2022-04-13
835	item_835	-2.0107353326352553	B	TRUE	2022-04-14
836	item_836	-1.128180494971801	B	FALSE	2022-04-15
837	item_837	0.34879957158571984	B	TRUE	2022-04-16
838	item_838	-0.352898482096924	A	FALSE	2022-04-17
839	item_839	0.9447745979176227	C		2022-04-18
840	item_840	-1.004719852526464	B	TRUE	2022-04-19
841	item_841	0.7239027324968458	C	FALSE	2022-04-20
842	item_842	-0.6688327409903645	C	TRUE	2022-04-21
843	item_843	-1.1130401937157999	A		2022-04-22
844	item_844	-0.342805189366945	B		2022-04-23
845	item_845	0.04977932316873963	C	TRUE	2022-04-24
846	item_846	-1.2276819615255352	B		2022-04-25
847	item_847	-0.7640059108274476	C	TRUE	2022-04-26
848	item_848	-1.2461820616178818	C	FALSE	2022-04-27
849	item_849	1.0167739777597724	B		2022-04-28
850	item_850	0.7236126240588632	B		2022-04-29
851	item_851	-1.0325271371051128	B	FALSE	2022-04-30
852	item_852	0.5573460041227579	C		2022-05-01
853	item_853	-0.255581423099522	B	TRUE	2022-05-02
854	item_854	-1.1133917571466703	A	FALSE	2022-05-03
855	item_855	0.4211974396148039	C	FALSE	2022-05-04
856	item_856	-0.32295031184637435	A	FALSE	2022-05-05
857	item_857	0.8801799011915226	A		2022-05-06
858	item_858	-0.19486360677590148	A	TRUE	2022-05-07
859	item_859	1.1880549821037776	B	TRUE	2022-05-08
860	item_860	-0.5097645117679541	B	FALSE	2022-05-09
861	item_861	0.2195480108732942	C	TRUE	2022-05-10
862	item_862	0.3702944213645583	A	FALSE	2022-05-11
863	item_863	0.279108393730607	A	TRUE	2022-05-12
864	item_864	0.20194243731332373	B	FALSE	2022-05-13
865	item_865	-0.012996542431344207	A		2022-05-14
866	item_866	-0.09086500607749007	B	FALSE	2022-05-15
867	item_867	1.3650313653188413	A		2022-05-16
868	item_868	0.9081305688831662	A	TRUE	2022-05-17
869	item_869	-0.609888171401906	B		2022-05-18
870	item_870	1.3964372212194525	B	FALSE	2022-05-19
871	item_871	0.1447983733084459	A		2022-05-20
872	item_872	-0.6406067715953021	B	TRUE	2022-05-21
873	item_873	0.16980225955853387	B	TRUE	2022-05-22
874	item_874	-0.15718748742084424	A	TRUE	2022-05-23
875	item_875	0.10093959454610427	A	FALSE	2022-05-24
876	item_876	-0.9733941541482801	A		2022-05-25
877	item_877	-0.8198252752531987	C		2022-05-26
878	item_878	1.3629189690254262	C		2022-05-27
879	item_879	0.961370930531278	C	FALSE	2022-05-28
880	item_880	-0.883724474401114	B		2022-05-29
881	item_881	-0.9000921154363216	B	FALSE	2022-05-30
882	item_882	1.7233331327968304	A		2022-05-31
883	item_883	1.9090421621289335	A		2022-06-01
884	item_884	-0.7771411958552634	A		2022-06-02
885	item_885	-1.302305262613107	A	TRUE	2022-06-03
886	item_886	2.6234951668186794	C	TRUE	2022-06-04
887	item_887	0.22962891434680732	B	TRUE	2022-06-05
888	item_888	0.18674989214188545	C		2022-06-06
889	item_889	0.07613663495028053	A	TRUE	2022-06-07
890	item_890	1.4048601863213326	B		2022-06-08
891	item_891	-0.19172223533631724	B	FALSE	2022-06-09
892	item_892	1.4593921641560914	A	TRUE	2022-06-10
893	item_893	-0.22065545113454113	A	FALSE	2022-06-11
894	item_894	0.5051458862731404	C	TRUE	2022-06-12
895	item_895	-1.0334970060728785	B		2022-06-13
896	item_896	0.1704734714592196	B	TRUE	2022-06-14
897	item_897	1.2006681608919263	A	TRUE	2022-06-15
898	item_898	-0.16340591476573627	A	TRUE	2022-06-16
899	item_899	1.282475863122638	C	TRUE	2022-06-17
900	item_900	2.7271963879112673	B		2022-06-18
901	item_901	0.9419242173309245	A	TRUE	2022-06-19
902	item_902	-0.24861403727955858	C	FALSE	2022-06-20
903	item_903	0.09647885970648512	B	FALSE	2022-06-21
904	item_904	-0.4339309413017391	A		2022-06-22
905	item_905	2.1786678674515656	C		2022-06-23
906	item_906	-2.9587796191301243	C	TRUE	2022-06-24
907	item_907	0.08088823919911373	C		2022-06-25
908	item_908	0.11013780461722106	A	FALSE	2022-06-26
909	item_909	0.21344832631265256	A	TRUE	2022-06-27
910	item_910	-1.557819612632322	B	TRUE	2022-06-28
911	item_911	0.21621154625775754	B		2022-06-29
912	item_912	0.1876638170264402	A	FALSE	2022-06-30
913	item_913	1.2586221252136003	B	TRUE	2022-07-01
914	item_914	0.5235177809089643	B		2022-07-02
915	item_915	1.1154542774799587	C		2022-07-03
916	item_916	-0.9575022421704693	C	TRUE	2022-07-04
917	item_917	-0.12440557985543202	C	FALSE	2022-07-05
918	item_918	0.1917378290499679	A	FALSE	2022-07-06
919	item_919	0.2722172506033466	C		2022-07-07
920	item_920	-0.6938144636732544	C		2022-07-08
921	item_921	1.4791719208521332	B		2022-07-09
922	item_922	-0.6117670216427712	C	TRUE	2022-07-10
923	item_923	-1.6143099743593508	B	TRUE	2022-07-11
924	item_924	0.4024901105906705	A	TRUE	2022-07-12
925	item_925	0.664555447289484	A	TRUE	2022-07-13
926	item_926	0.9441270709949366	A		2022-07-14
927	item_927	-0.9462607977082886	A	FALSE	2022-07-15
928	item_928	-0.24828844923889604	C	FALSE	2022-07-16
929	item_929	-1.3284364685390775	A	FALSE	2022-07-17
930	item_930	0.8447637420989175	C	FALSE	2022-07-18
931	item_931	0.3476967324386477	A		2022-07-19
932	item_932	0.9137625864311069	A	FALSE	2022-07-20
933	item_933	0.6082745533806811	B	FALSE	2022-07-21
934	item_934	-0.6075479878044869	A		2022-07-22
935	item_935	0.17965807087184418	B		2022-07-23
936	item_936	-1.9084094194173773	C		2022-07-24
937	item_937	0.5029462576890955	A		2022-07-25
938	item_938	0.9688991534784991	C		2022-07-26
939	item_939	-0.8757371257733274	C	FALSE	2022-07-27
940	item_940	-2.1360245386980052	A		2022-07-28
941	item_941	-1.522827581585013	A	FALSE	2022-07-29
942	item_942	-1.1131182078860709	C		2022-07-30
943	item_943	1.2409838955358965	B		2022-07-31
944	item_944	0.003481935062990248	C	FALSE	2022-08-01
945	item_945	-1.2377945859930657	C		2022-08-02
946	item_946	0.555699118898025	A	TRUE	2022-08-03
947	item_947	-2.1831493493598977	C	TRUE	2022-08-04
948	item_948	-0.24702445709724807	C		2022-08-05
949	item_949	1.1128569275864455	A	FALSE	2022-08-06
950	item_950	-0.3416732370090863	A	FALSE	2022-08-07
951	item_951	1.305438342141067	B	TRUE	2022-08-08
952	item_952	1.7953238714407935	A		2022-08-09
953	item_953	-1.167835227473448	A		2022-08-10
954	item_954	-1.1522876249820169	B	FALSE	2022-08-11
955	item_955	-0.9144554693456494	B		2022-08-12
956	item_956	0.5287280325336297	A	TRUE	2022-08-13
957	item_957	0.835078927048582	A		2022-08-14
958	item_958	1.2091369740915312	A	TRUE	2022-08-15
959	item_959	1.2994725453608154	A	FALSE	2022-08-16
960	item_960	1.0757323042098934	B	TRUE	2022-08-17
961	item_961	0.9398010235142973	A		2022-08-18
962	item_962	0.16337469340676594	C	FALSE	2022-08-19
963	item_963	-0.8881385586403917	B	TRUE	2022-08-20
964	item_964	-0.7261609827563505	A	FALSE	2022-08-21
965	item_965	0.4075970056137385	B		2022-08-22
966	item_966	1.683536339251793	C		2022-08-23
967	item_967	1.7059798235646129	A	TRUE	2022-08-24
968	item_968	-1.926166700826081	C	FALSE	2022-08-25
969	item_969	-0.8339980152284646	A	TRUE	2022-08-26
970	item_970	1.4191325163331896	B		2022-08-27
971	item_971	-1.064109715019239	C		2022-08-28
972	item_972	-1.6135774724804477	B	TRUE	2022-08-29
973	item_973	0.599811088697427	B	TRUE	2022-08-30
974	item_974	1.7329647053870507	C	FALSE	2022-08-31
975	item_975	1.9345045624577326	B		2022-09-01
976	item_976	0.5328205756707936	A		2022-09-02
977	item_977	0.7196657560197844	C	TRUE	2022-09-03
978	item_978	0.5600933857551841	C		2022-09-04
979	item_979	-0.01808693165996704	B	FALSE	2022-09-05
980	item_980	-3.3717390825505134	B	TRUE	2022-09-06
981	item_981	0.7607032447597551	B		2022-09-07
982	item_982	-0.39122685224321035	B	FALSE	2022-09-08
983	item_983	1.0099012238118499	C	FALSE	2022-09-09
984	item_984	-0.6269731470737493	C		2022-09-10
985	item_985	-1.6345773695018644	C	TRUE	2022-09-11
986	item_986	1.2452426520304833	C		2022-09-12
987	item_987	0.18137744655540353	C	FALSE	2022-09-13
988	item_988	3.495304263985599	A	FALSE	2022-09-14
989	item_989	0.9155919133269127	B	FALSE	2022-09-15
990	item_990	1.0485065174262438	A	TRUE	2022-09-16
991	item_991	0.7638249369348555	C	TRUE	2022-09-17
992	item_992	-0.6033873768593995	B	FALSE	2022-09-18
993	item_993	-0.37042966270277583	C		2022-09-19
994	item_994	1.0598259383336466	C	TRUE	2022-09-20
995	item_995	1.0551105298393884	C	TRUE	2022-09-21
996	item_996	0.5829721611203192	A		2022-09-22
997	item_997	-0.986567435539539	C		2022-09-23
998	item_998	1.6846218117439806	B	TRUE	2022-09-24
999	item_999	-1.3668410456826299	A	FALSE	2022-09-25
1000	item_1000	-0.43321434861111385	C	FALSE	2022-09-26
